{
    "name": "Procedurally Generated Platformer",
    "description": "",
    "dependencies": {
        "device": "*",
        "Timers": "github:microsoft/arcade-timers#v1.1.0",
        "tilemaps": "github:microsoft/pxt-tilemaps#v1.11.0",
        "FastRandomBlocks": "github:UnsignedArduino/Fast-Random-Blocks#8c985a77e5c4278e43a7bc375db095c67afb58ed",
        "grafxkid-tiles": "github:riknoll/grafxkid-tiles#v2.0.1",
        "character-animations": "github:riknoll/character-animations#v0.3.0",
        "Color Fading": "github:jwunderl/pxt-color#v0.2.1",
        "pxt-status-bar": "github:jwunderl/pxt-status-bar#v0.4.1",
        "arcade-text": "github:microsoft/arcade-text#v1.3.0",
        "arcade-sprite-util": "github:jwunderl/arcade-sprite-util#v0.2.0",
        "block-menu": "github:riknoll/arcade-custom-menu#v0.0.1",
        "settings-blocks": "github:microsoft/pxt-settings-blocks#v1.0.0",
        "arcade-shader": "github:riknoll/arcade-shader#d2a2572906fdb68ff429f337e30606b069e688ea",
        "pxt-scaling": "github:jwunderl/pxt-scaling#v0.1.0"
    },
    "files": [
        "main.blocks",
        "main.ts",
        "README.md",
        "assets.json",
        "tilemap.g.jres",
        "tilemap.g.ts",
        "images.g.jres",
        "images.g.ts"
    ],
    "testFiles": [
        "test.ts"
    ],
    "targetVersions": {
        "target": "1.4.44",
        "targetId": "arcade"
    },
    "supportedTargets": [
        "arcade"
    ],
    "preferredEditor": "blocksprj"
}
